Primer Name	Sequence	Pool	Final concentration pool (µM)	Length	Tm	GC%	Start	End
chikv_1_RIGHT	CTTTTCCTGCGGCAGATGCTAG	1	0.03	22	61.88	54.55	395	373
chikv_1_LEFT_B	GCTACGTGTGTCTCACGCA	1	0.03	19	60	58	4	22
chikv_1_LEFT	GAGACACACGTAGCCTACCAGT	1	0.03	22	61.46	54.55	10	32
chikv_3_RIGHT	CATGTGAAGCTGAGTTTGCCCT	1	0.015	22	61.4	50	897	875
chikv_3_LEFT	GACGTCTATGCTGTACACGCAC	1	0.015	22	61.6	54.55	529	551
chikv_5_RIGHT_B	ACCACAGACTCGTACYACAAA	1	0.03	21	58	45	1445	1422
chikv_5_RIGHT	ACCACAGACTCGGTACCACAAA	1	0.03	22	61.54	50	1445	1423
chikv_5_LEFT	TGATCAAATGACCGGCATCCTTG	1	0.03	23	61.49	47.83	1092	1115
chikv_7_RIGHT	CCGTGCATCGCAATATGGTGTA	1	0.015	22	61.38	50	2010	1988
chikv_7_LEFT	CAGGTCGAAATTGACGTGGAACA	1	0.015	23	61.59	47.83	1636	1659
chikv_9_RIGHT	GTGTACACCGCCTGGAGATA	1	0.03	22	61.59	50	2594	2572
chikv_9_LEFT_B	CCTGCCTGCCCATACAAAATTG	1	0.03	22	59	50	2198	2219
chikv_9_LEFT	CTGCAGTCATAGGAGTCTTCGG	1	0.03	22	62.04	54.55	2198	2219
chikv_11_RIGHT	TTATCCCCGCTGTTTCGAGGAT	1	0.03	22	61.55	50	3158	3136
chikv_11_LEFT	TGGATACGAGGTCATGACAGCA	1	0.015	22	61.21	50	2796	2818
chikv_13_RIGHT	GGTCATACCTACCAAGCGTTGC	1	0.015	22	61.57	54.55	3722	3700
chikv_13_LEFT	GATTTAACCCCGAGGCAGCATC	1	0.03	22	61.64	54.55	3356	3378
chikv_15_RIGHT_A	TTGGTCCAACAGCGTGGATT	1	0.03	20	59.48	50	3897	3916
chikv_15_LEFT_A	GCGTATTGGGACGCAAGTTT	1	0.03	20	60.18	50	4289	4270
chikv_17_RIGHT	CAGACTTGCTCATTGGCCTCTG	1	0.015	22	61.51	54.55	4767	4745
chikv_17_LEFT	AGGCTGGGAGTAAATAGTGTAGCT	1	0.015	24	60.88	45.83	4366	4390
chikv_19_RIGHT	TCGTCACATGTCACAGTCAGGT	1	0.015	22	61.59	50	5322	5300
chikv_19_LEFT	GGAGTGCAAAAAGTCAAATGCTCT	1	0.015	24	60.5	41.67	4969	4993
chikv_21_RIGHT	CTGATACCTGCTTCTGTTGGCC	1	0.015	22	61.26	54.55	5860	5838
chikv_21_LEFT_B	TTTGGGGACTTCAACGAAGGAGA	1	0.015	23	60	48	5509	5532
chikv_21_LEFT	TTTGGGGACTTCAACGTAGGAGA	1	0.015	23	61.26	47.83	5509	5532
chikv_23_RIGHT	TGCTGCTTTTGGCCCTTTTAGT	1	0.03	22	61.28	45.45	6463	6441
chikv_23_LEFT_B	ACTATCCAACTGTCTCATCATACCA	1	0.03	25	60	40	6059	6084
chikv_23_LEFT	ACTATCCAACTGTCTCGTCATACCA	1	0.03	25	61.1	44	6059	6084
chikv_25_RIGHT	GGCTGGCGATGGTGATGTTTAA	1	0.03	22	61.52	50	7010	6988
chikv_25_LEFT	GAGAGCTGGTTAGGAGGCTGAA	1	0.03	22	61.48	54.55	6647	6669
chikv_27_RIGHT	GATACTTGCTGTCGGCTTCTGC	1	0.015	22	61.87	54.55	7547	7525
chikv_27_LEFT	ACTGCACGATACTGTGACAGGA	1	0.015	22	61.4	50	7194	7216
chikv_29_RIGHT	TGACCGCTTAAAGGCCAGTTTG	1	0.03	22	61.65	50	8037	8015
chikv_29_LEFT	CAACTTGCCCAGCTGATCTCAG	1	0.03	22	61.51	54.55	7683	7705
chikv_31_RIGHT	GCGGTGGGGAGAACATGTTAAG	1	0.015	22	61.51	54.55	8532	8510
chikv_31_LEFT	CATCCCTACAGGTGCTGGCAAA	1	0.015	22	62.86	54.55	8171	8193
chikv_33_RIGHT	TAATGTGCGATCAGGGGTGTCT	1	0.03	22	61.48	50	9081	9059
chikv_33_LEFT	CGATTGGACCAAGCTGCGTTAT	1	0.03	22	61.57	50	8726	8748
chikv_35_RIGHT	GAATTATCTCATGCGGGTGGCC	1	0.03	22	61.71	54.55	9610	9588
chikv_35_LEFT	GGCAGTATAACTCCCCTCTGGT	1	0.03	22	60.96	54.55	9244	9266
chikv_37_RIGHT	CGGGATGACGGTTTTGTACTCG	1	0.03	22	61.55	54.55	10161	10139
chikv_37_LEFT	TACCGTCCCTTTCCTGCTTAGC	1	0.03	22	62.06	54.55	9758	9780
chikv_39_RIGHT	TAAAGCCAGATGGTGCCTGAGA	1	0.03	22	61.42	50	10714	10692
chikv_39_LEFT	TACAGGGCTCATACCGCATCTG	1	0.03	22	61.92	54.55	10356	10378
chikv_41_RIGHT	CGTGATCTTCTGCACCCATGAC	1	0.03	22	61.57	54.55	11235	11213
chikv_41_LEFT	GCCCTCTTTAACGGACATGTCG	1	0.03	22	61.56	54.55	10871	10893
chikv_43_RIGHT	AACATCTCCTACGTCCCTGTGG	1	0.03	22	61.47	54.55	11791	11769
chikv_43_LEFT	ACGCGACCCCTGAATAGTAACA	1	0.03	22	61.47	50	11392	11414
chikv_2_RIGHT	GGCATTGTACATGAACGGGGTT	2	0.015	22	61.46	50	637	615
chikv_2_LEFT	GGAGGATGATGTCGGACAGGAA	2	0.015	22	61.54	54.55	284	306
chikv_4_RIGHT	TCATATTCCGTTGCGTTCTGCC	2	0.015	22	61.57	50	1205	1183
chikv_4_LEFT	TGTTCTCAGTAGGGTCAACGCT	2	0.015	22	61.34	50	794	816
chikv_6_RIGHT	GGTCTGTTGGTTGGGCAGTAAC	2	0.015	22	61.65	54.55	1736	1714
chikv_6_LEFT	AAGCAGAAAACACACACGGTCT	2	0.015	22	60.94	45.45	1348	1370
chikv_8_RIGHT	GGTCCTGCCTGGTAACTAGGTT	2	0.015	22	61.42	54.55	2294	2272
chikv_8_LEFT	TCTCGCCTGAAGACTTCCAGAG	2	0.015	22	61.46	54.55	1910	1932
chikv_10_RIGHT	CGTGCTCTGACGTTGATGCATA	2	0.015	22	61.3	50	2909	2887
chikv_10_LEFT	GGTGAGACCAAGGCAGAAAGTT	2	0.015	22	60.75	50	2484	2506
chikv_12_RIGHT	TCCTGGTAGTCACGCAGATCTG	2	0.015	22	61.52	54.55	3452	3430
chikv_12_LEFT	GGCATCTGCAGTCACCAAATGA	2	0.015	22	61.46	50	3058	3080
chikv_14_RIGHT	TCAGTGTTGCTGGTGACACATG	2	0.015	22	61.32	50	3963	3941
chikv_14_LEFT	TGCACTGCCTACTAAGAGAGTCA	2	0.015	23	60.81	47.83	3612	3635
chikv_16_RIGHT	TCCATGGCTGTAAAGAGGTGGT	2	0.015	22	61.36	50	4473	4451
chikv_16_LEFT	CGAAGAACGATGAAGAGTGCGT	2	0.015	22	61.23	50	4109	4131
chikv_18_RIGHT	GTGCAGACTCCTGGGAAGATCT	2	0.015	22	61.48	54.55	5069	5047
chikv_18_LEFT	GAAGGCGCACTGTACTCATATCT	2	0.015	23	60.24	47.83	4654	4677
chikv_20_RIGHT	CGCTGTCTGTCAAGTCATCCAC	2	0.03	22	61.49	54.55	5609	5587
chikv_20_LEFT	CCATCCACAACCGGAAACCTTG	2	0.03	22	61.97	54.55	5212	5234
chikv_22_RIGHT	CGGATTAAATGTCGCTCGGTCC	2	0.015	22	61.68	54.55	6163	6141
chikv_22_LEFT	CGAGGAGAAGTGTTACCCACCT	2	0.03	22	60	55	5759	5780
chikv_22_LEFT_B	GAGGAGAAGTGTTACCCCCCTA	2	0.03	22	61.41	54.55	5757	5779
chikv_24_RIGHT	TGGCTTAAAGTGTGCGGCTATG	2	0.015	22	61.51	50	6754	6732
chikv_24_LEFT	GCATGCAACCAAGAATACTGGGA	2	0.015	23	61.44	47.83	6358	6381
chikv_26_RIGHT	TTCATCTTGTTCGTCACCTGCC	2	0.015	22	61.13	50	7297	7275
chikv_26_LEFT	GACAGGTACGCGCTTCAAGTTC	2	0.015	22	62.04	54.55	6915	6937
chikv_28_RIGHT_B	TTTGTGGCGCCTGTTGTCTTTG	2	0.015	22	61	50	7801	7779
chikv_28_RIGHT	TTTGTGGCGCCTGTTGTTTTTG	2	0.015	22	61.5	45.45	7801	7779
chikv_28_LEFT	TTTCGAGAAGCTCAGAGGACCC	2	0.015	22	61.73	54.55	7449	7471
chikv_30_RIGHT	TGTACGGGCTCCTTCATTAGCT	2	0.015	22	61.22	50	8280	8258
chikv_30_LEFT	TAAGGTAACAGGTTACGCGTGC	2	0.015	22	60.93	50	7928	7950
chikv_32_RIGHT	TCCAGTAATCGTACACGGTGCT	2	0.015	22	61.46	50	8826	8804
chikv_32_LEFT	CTGCTACGAAAAGGAACCGGAG	2	0.015	22	61.24	54.55	8423	8445
chikv_34_RIGHT	CTGCATGTTACATTTGCCAGCG	2	0.015	22	61.3	50	9341	9319
chikv_34_LEFT	CGGTAAAGAGCTACCTTGCAGC	2	0.015	22	61.56	54.55	8981	9003
chikv_36_RIGHT	TGCTGCTCGTTCCACAGGTATA	2	0.015	22	61.47	50	9854	9832
chikv_36_LEFT	GAAGGAAGTCGTGCTAACCGTG	2	0.015	22	61.49	54.55	9482	9504
chikv_38_RIGHT	CCTTAACTGTGACGGCATGGTC	2	0.09	22	61.51	54.55	10465	10443
chikv_38_LEFT	ACAGCCCCATGGTATTGGAGAT	2	0.09	22	61.24	50	10063	10085
chikv_40_RIGHT_B	TTAGTCATCGAATGCACCGCG	2	0.03	21	60	52	10996	10975
chikv_40_RIGHT	TTAGTCATCGAATGCACCGCAC	2	0.09	22	61.56	50	10997	10975
chikv_40_LEFT_B	GCACACCTGAGAGCGAAGAC	2	0.03	20	61	60	10610	10629
chikv_40_LEFT	CGCACACCTGAGAGTAAAGACG	2	0.09	22	61.23	54.55	10608	10630
chikv_42_RIGHT	GGGGTTATTCGGCCCTTTGATC	2	0.015	22	61.33	54.55	11531	11509
chikv_42_LEFT_B	ACACAAGTACACTGTGCAGCT	2	0.015	21	59	48	11107	11127
chikv_42_LEFT	TACACAAGTACACTGTGCAGCC	2	0.015	22	60.81	50	11105	11127
